id,name,cast,classification,director,synopsis,release date
1,Minions,Maria Valenzuela:Kent Berger:Randi Guzman:Jefferson Singleton:Kathy Murillo:Desiree Conrad:Augustus Matthews,R18,Rudolph Thornton,"Minions Stuart, Kevin and Bob are recruited by Scarlet Overkill, a super-villain who, alongside her inventor husband Herb, hatches a plot to take over the world.",2015-06-17
2,Wonder Woman,Jefferson Singleton:Kerri Marsh:Ellen Dickson:Zachariah Hurst:April Weiss:Lilia Gilbert,G,Lilia Gilbert,An Amazon princess comes to the world of Man to become the greatest of the female superheroes.,2017-05-30
3,Beauty and the Beast,Ulysses Werner:Goldie Gaines:Tracey Tyler:Kimberley Nolan:Deshawn Stephenson:Clement Gill,G,Howard Peck,A live-action adaptation of Disney's version of the classic 'Beauty and the Beast' tale of a cursed prince and a beautiful young woman who helps him break the spell.,2017-03-16
4,Baby Driver,Dina Bennett:Clarice Santos:Carmela Ho:Trudy Wu:Weston Sanchez:Victoria Arias,PG,Williams Christian,"After being coerced into working for a crime boss, a young getaway driver finds himself taking part in a heist doomed to fail.",2017-06-28
5,Big Hero 6,Lela Williamson:Rueben Carpenter:Emile Abbott:Val Mills:Fidel Buchanan:Shelia Flynn,R18,Fidel Buchanan,"The special bond that develops between plus-sized inflatable robot Baymax, and prodigy Hiro Hamada, who team up with a group of friends to form a band of high-tech heroes.",2014-10-24
6,Deadpool,Corey Kirby:Elsie Kramer:Louella Chung:Emmett Rodgers:Val Mills:Fidel Buchanan,MA15,Edmond Morrison,"Deadpool tells the origin story of former Special Forces operative turned mercenary Wade Wilson, who after being subjected to a rogue experiment that leaves him with accelerated healing powers, adopts the alter ego Deadpool. Armed with his new abilities and a dark, twisted sense of humor, Deadpool hunts down the man who nearly destroyed his life.",2016-02-09
7,Guardians of the Galaxy Vol. 2,Edmond Morrison:Deon Potter:Malcolm Marshall:Williams Christian:Ernie Maddox,G,Ambrose Manning,The Guardians must fight to keep their newfound family together as they unravel the mysteries of Peter Quill's true parentage.,2017-04-19
8,Avatar,Rueben Carpenter:Rhonda Odonnell:Kerri Marsh:Lilia Gilbert:Clarice Santos,PG,Mia Castillo,"In the 22nd century, a paraplegic Marine is dispatched to the moon Pandora on a unique mission, but becomes torn between following orders and protecting an alien civilization.",2009-12-10
9,John Wick,Louella Chung:Kerri Marsh:Goldie Gaines:Frances Brennan:Ambrose Manning,R18,Lakisha Case,Ex-lunatic John Wick comes off his meds to track down the bounders that killed his dog and made off with his self-respect,2014-10-22
10,Gone Girl,Deshawn Stephenson:Corey Kirby:Elsie Kramer:Wilfred Espinoza:Fanny Cummings,MA15,Judith Schaefer,"With his wife's disappearance having become the focus of an intense media circus, a man sees the spotlight turned on him when it's suspected that he may not be innocent.",2014-10-01
11,The Hunger Games: Mockingjay - Part 1,Malcolm Marshall:Katharine Conner:Randi Guzman:Maria Valenzuela:Celia Cain,M,Judith Schaefer,Katniss Everdeen reluctantly becomes the symbol of a mass rebellion against the autocratic Capitol.,2014-11-18
12,War for the Planet of the Apes,Malcolm Marshall:Tracey Tyler:Corey Kirby:Ellen Dickson:Thad Mcdowell,PG,Leo Montgomery,"Caesar and his apes are forced into a deadly conflict with an army of humans led by a ruthless Colonel. After the apes suffer unimaginable losses, Caesar wrestles with his darker instincts and begins his own mythic quest to avenge his kind. As the journey finally brings them face to face, Caesar and the Colonel are pitted against each other in an epic battle that will determine the fate of both their species and the future of the planet.",2017-07-11
13,Captain America: Civil War,Lazaro Roberts:Deshawn Stephenson:Emile Abbott:Kerri Marsh:Alfred Gonzalez,M,Jude Baird,"Following the events of Age of Ultron, the collective governments of the world pass an act designed to regulate all superhuman activity. This polarizes opinion amongst the Avengers, causing two factions to side with Iron Man or Captain America, which causes an epic battle between former allies.",2016-04-27
14,Pulp Fiction,Lesley Wong:Edmond Morrison:Elsie Kramer:Lela Ferrell,G,Miranda Lin,"A burger-loving hit man, his philosophical partner, a drug-addled gangster's moll and a washed-up boxer converge in this sprawling, comedic crime caper. Their adventures unfurl in three stories that ingeniously trip back and forth in time.",1994-09-10
15,Pirates of the Caribbean: Dead Men Tell No Tales,Ulysses Werner:Malcolm Marshall:Randi Guzman:Dalton Blanchard,G,Miranda Lin,"Thrust into an all-new paycheck, a down-on-his-luck Capt. Jack Sparrow feels the winds of ill-fortune blowing even more strongly when deadly ghost sailors led by his old nemesis, the evil Capt. Salazar, escape from the Devil's Triangle. Jack's only hope of a payout lies in seeking out the legendary Trident of Numbers, but to find it, he must forge an uneasy alliance with a reasonably intelligent and pretty astronomer and a irritating young man in the British navy.",2017-05-23
16,The Dark Knight,Lesley Wong:Stanley Duarte:Dina Bennett:Brice Hudson,MA15,Avis Padilla,"Batman raises the stakes in his war on crime. With the help of Lt. Jim Gordon and District Attorney Harvey Dent, Batman sets out to dismantle the remaining criminal organizations that plague the streets. The partnership proves to be effective, but they soon find themselves prey to a reign of chaos unleashed by a rising criminal mastermind known to the terrified citizens of Gotham as the Joker.",2008-07-16
17,Blade Runner,Katharine Conner:Randi Guzman:Rhonda Odonnell:Diego Mccall,M,Sydney Bowman,"In the smog-choked dystopian Los Angeles of 2019, blade runner Rick Deckard is called out of retirement to terminate a quartet of replicants who have escaped to Earth seeking their creator for a way to extend their short life spans.",1982-06-25
18,The Avengers,Katharine Conner:Malcolm Marshall:Corey Kirby:Ellen Dickson,G,Rodolfo Cox,"When an unexpected enemy emerges and threatens global safety and security, Nick Fury, director of the international peacekeeping agency known as S.H.I.E.L.D., finds himself in need of a team to pull the world back from the brink of disaster. Spanning the globe, a daring recruitment effort begins!",2012-04-25
19,Captain Underpants: The First Epic Movie,Carmela Ho:Corey Kirby:Rueben Carpenter:Maribel Hinton,M,Susan Werner,"Two mischievous kids hypnotize their mean elementary school principal and turn him into their comic book creation, the kind-hearted and elastic-banded Captain Underpants.",2017-06-01
20,The Circle,Basil Paul:Lucius Bernard:Rhett Reese:Roxie Glass,PG,Marci Newman,"A young tech worker takes a job at a greedy Internet corporation, quickly rises up the company's ranks, and soon finds herself in a perilous situation concerning privacy, surveillance and freedom. She comes to learn that her decisions and actions will have no effect whatsoever.",2017-04-27
21,The Bad Batch,Carmela Ho:Lela Williamson:Stanley Duarte:Israel Ayala,MA15,Sheri Mosley,"In a desert wasteland in Texas, a muscled cannibal breaks one important rule: don‚Äôt play with your food.",2017-06-23
22,The Maze Runner,Rueben Carpenter:Edwin Fitzpatrick:Dina Bennett:Ezra Casey,G,Susan Werner,"Set in a post-apocalyptic world, young Thomas is deposited in a community of boys after his memory is erased, soon learning they're all trapped in a maze that will require him to join forces with fellow ""runners"" for a shot at escape.",2014-09-10
23,Dawn of the Planet of the Apes,Elsie Kramer:Goldie Gaines:Louella Chung:Arthur Goodwin,G,Lori Mcknight,"A group of scientists in San Francisco struggle to stay alive in the aftermath of a plague that is wiping out humanity, while Caesar tries to maintain dominance over his community of intelligent apes.",2014-06-26
24,Alien: Covenant,Lazaro Roberts:Lesley Wong:Tracey Tyler:Candy Logan,M,Miranda Lin,"Bound for a remote planet on the far side of the galaxy, the crew of the colony ship 'Covenant' discovers what is thought to be an uncharted paradise, but is actually a dark, dangerous world ‚Äì which has its sole inhabitant the 'synthetic', David, survivor of the doomed Prometheus expedition.",2017-05-09
25,Ghost in the Shell,Rhett Reese:Stanley Duarte:Edmond Morrison:Lilia Griffith,M,Judith Schaefer,"In the near future, Major is the first of her kind: a human saved from a terrible crash, then cyber-enhanced to be a perfect soldier devoted to stopping the world's most dangerous criminals.",2017-03-29
26,Boyka: Undisputed IV,Deon Potter:Lela Williamson:Corey Kirby:Lyndon Wheeler,M,Louie Lamb,"In the fourth installment of the fighting franchise, Boyka is shooting for the big leagues when an accidental death in the ring makes him question everything he stands for. When he finds out the wife of the man he accidentally killed is in trouble, Boyka offers to fight in a series of impossible battles to free her from a life of servitude",2016-08-01
27,Whiplash,Ulysses Werner:Randi Guzman:Tracey Tyler:Dina Bennett,MA15,Saul Gardner,"Under the direction of a ruthless instructor, a talented young drummer begins to pursue perfection at any cost, even his humanity.",2014-10-10
28,Fight Club,Emile Abbott:Malcolm Marshall:Edwin Fitzpatrick:Carmela Ho,M,Darron Ross,"A ticking-time-bomb insomniac and a slippery soap salesman channel primal male aggression into a shocking new form of therapy. Their concept catches on, with underground ""fight clubs"" forming in every town, until an eccentric gets in the way and ignites an out-of-control spiral toward oblivion.",1999-10-15
29,What Happened to Monday,Tracey Tyler:Rhett Reese:Clarice Santos:Candy Logan,R18,Sheri Mosley,"In a world where families are limited to one child due to overpopulation, a set of identical septuplets must avoid being put to a long sleep by the government and dangerous infighting while investigating the disappearance of one of their own.",2017-08-18
30,Wish Upon,Rueben Carpenter:Emile Abbott:Carmela Ho:Stanley Duarte,PG,Greg Garza,"A teenage girl discovers a box with magical powers, but those powers comes with a deadly price.",2017-07-07
31,Thor: Ragnarok,Clarice Santos:Rhett Reese:Rueben Carpenter:Fidel Buchanan,R18,Mia Castillo,"Thor is imprisoned on the other side of the universe and finds himself in a race against time to get back to Asgard to stop Ragnarok, the destruction of his homeworld and the end of Asgardian civilization, at the hands of an all-powerful new threat, the ruthless Hela.",2017-10-25
32,Logan,Rhett Reese:Ulysses Werner:Lazaro Roberts:Lucille Waters,MA15,Sheri Mosley,"In the near future, a weary Logan cares for an ailing Professor X in a hideout on the Mexican border. But Logan's attempts to hide from the world and his legacy are upended when a young mutant arrives, pursued by dark forces.",2017-02-28
33,Guardians of the Galaxy,Lela Williamson:Rhonda Odonnell:Jefferson Singleton:Ambrose Manning,G,Jude Baird,"Light years from Earth, 26 years after being abducted, Peter Quill finds himself the prime target of a manhunt after discovering an orb wanted by Ronan the Accuser.",2014-07-30
34,47 Meters Down,Dina Bennett:Lesley Wong:Howard Peck:Burl Braun,M,Gay Donovan,"Two sisters on Mexican vacation are trapped in a shark observation cage at the bottom of the ocean, with oxygen running low and great whites circling nearby, they have less than an hour of air left to figure out how to get to the surface.",2017-06-15
35,The Shawshank Redemption,Lesley Wong:Lela Williamson:Lazaro Roberts:Lowell Terry,R18,Cynthia Kidd,"Framed in the 1940s for the double murder of his wife and her lover, upstanding banker Andy Dufresne begins a new life at the Shawshank prison, where he puts his accounting skills to work for an amoral warden. During his long stretch in prison, Dufresne comes to be admired by the other inmates -- including an older prisoner named Red -- for his integrity and unquenchable sense of hope.",1994-09-23
36,The Last King,Lazaro Roberts:Edwin Fitzpatrick:Basil Paul:Thaddeus Collins,G,Kurt Cooper,Year 1206. Norway is ravaged by civil war. The King's illegitimate son is guarded in deep secret. A boy that half of the kingdom wants to kill and two men will protect to the death. A boy named Earl H√•konsson. Birkebeiners is the story of the escape that changed Norway's history forever.,2016-02-12
37,The Dark Tower,Rueben Carpenter:Deshawn Stephenson:Elsie Kramer:Ellen Dickson,M,Kathie Pugh,"The last Gunslinger, Roland Deschain, has been locked in an eternal battle with Walter O‚ÄôDim, also known as the Man in Black, determined to prevent him from toppling the Dark Tower, which holds the universe together. With the fate of the worlds at stake, good and evil will collide in the ultimate battle as only Roland can defend the Tower from the Man in Black.",2017-08-03
38,John Wick: Chapter 2,Louella Chung:Lesley Wong:Lela Williamson:Tania Orr,M,Marci Newman,"John Wick is forced out of retirement by a former associate looking to seize control of a shadowy international assassins‚Äô guild. Bound by a blood oath to aid him, Wick travels to Rome and does battle against some of the world‚Äôs most dangerous killers.",2017-02-08
39,The Fate of the Furious,Jefferson Singleton:Elsie Kramer:Emile Abbott:Conrad Huffman,M,Sydney Bowman,"When a mysterious woman seduces Dom into the world of crime and a betrayal of those closest to him, the crew face trials that will test them as never before.",2017-04-12
40,Forrest Gump,Edwin Fitzpatrick:Basil Paul:Randi Guzman,MA15,Sydney Bowman,"A man with a low IQ has accomplished great things in his life and been present during significant historic events - in each case, far exceeding what anyone imagined he could do. Yet, despite all the things he has attained, his one true love eludes him. 'Forrest Gump' is the story of a man who rose above his challenges, and who proved that determination, courage, and love are more important than ability.",1994-07-06
41,Pirates of the Caribbean: The Curse of the Black Pearl,Clarice Santos:Ulysses Werner:Malcolm Marshall,G,Myra Brooks,"Jack Sparrow, a freewheeling 17th-century pirate who roams the Caribbean Sea, butts heads with a rival pirate bent on pillaging the village of Port Royal. When the governor's daughter is kidnapped, Sparrow decides to help the girl's love save her. But their seafaring mission is hardly simple.",2003-07-09
42,Security,Odis Rogers:Louella Chung:Lela Williamson,MA15,Jude Baird,"An ex-special services veteran, down on his luck and desperate for work, takes a job as a security guard at a run-down mall in a rough area of town. On his first night on the job, he opens the door to a distraught and desperate young girl who has fled the hijacking of a Police motorcade that was transporting her to testify as a witness in a trial. Hot on her heels is the psychopathic hijacker and his team of henchmen, who will stop at nothing to extract and eliminate the witness.",2017-03-04
43,The Legend of Tarzan,Goldie Gaines:Edmond Morrison:Lesley Wong,R18,Miranda Lin,"Tarzan, having acclimated to life in London, is called back to his former home in the jungle to investigate the activities at a mining encampment.",2016-06-29
44,King Arthur: Legend of the Sword,Randi Guzman:Deon Potter:Rhett Reese,M,Antoinette Adams,"When the child Arthur‚Äôs father is murdered, Vortigern, Arthur‚Äôs uncle, seizes the crown. Robbed of his birthright and with no idea who he truly is, Arthur comes up the hard way in the back alleys of the city. But once he pulls the sword Excalibur from the stone, his life is turned upside down and he is forced to acknowledge his true legacy... whether he likes it or not.",2017-04-27
45,Doctor Strange,Lazaro Roberts:Katharine Conner:Clarice Santos,MA15,Greg Garza,"After his career is destroyed, a brilliant but arrogant surgeon gets a new lease on life when a sorcerer takes him under his wing and trains him to defend the world against evil.",2016-10-25
46,Suicide Squad,Dina Bennett:Randi Guzman:Carmela Ho,PG,Charmaine Wade,"From DC Comics comes the Suicide Squad, an antihero team of incarcerated supervillains who act as deniable assets for the United States government, undertaking high-risk black ops missions in exchange for commuted prison sentences.",2016-08-02
47,Star Wars,Louella Chung:Elsie Kramer:Howard Peck,PG,Reid Daniels,Princess Leia is captured and held hostage by the evil Imperial forces in their effort to take over the galactic Empire. Venturesome Luke Skywalker and dashing captain Han Solo team together with the loveable robot duo R2-D2 and C-3PO to rescue the beautiful princess and restore peace and justice in the Empire.,1977-05-25
48,Ted 2,Kerri Marsh:Lucius Bernard:Jefferson Singleton,G,Antoinette Adams,"Newlywed couple Ted and Tami-Lynn want to have a baby, but in order to qualify to be a parent, Ted will have to prove he's a person in a court of law.",2015-06-25
49,Schindler's List,Goldie Gaines:Rhett Reese:Clarice Santos,PG,Andre Mckay,The true story of how businessman Oskar Schindler saved over a thousand Jewish lives from the Nazis while they worked as slaves in his factory during World War II.,1993-11-29
50,Rise of the Planet of the Apes,Rhett Reese:Katharine Conner:Odis Rogers,PG,Barrett Macias,"Scientist Will Rodman is determined to find a cure for Alzheimer's, the disease which has slowly consumed his father. Will feels certain he is close to a breakthrough and tests his latest serum on apes, noticing dramatic increases in intelligence and brain activity in the primate subjects ‚Äì especially Caesar, his pet chimpanzee.",2011-08-03
51,Maze Runner: The Scorch Trials,Ulysses Werner:Katharine Conner:Corey Kirby,G,Lori Mcknight,"Thomas and his fellow Gladers face their greatest challenge yet: searching for clues about the mysterious and powerful organization known as WCKD. Their journey takes them to the Scorch, a desolate landscape filled with unimaginable obstacles. Teaming up with resistance fighters, the Gladers take on WCKD‚Äôs vastly superior forces and uncover its shocking plans for them all.",2015-09-09
52,The Godfather,Randi Guzman:Deon Potter:Clarice Santos,G,Stacy Vargas,"Spanning the years 1945 to 1955, a chronicle of the fictional Italian-American Corleone crime family. When organized crime family patriarch, Vito Corleone barely survives an attempt on his life, his youngest son, Michael steps in to take care of the would-be killers, launching a campaign of bloody revenge.",1972-03-14
53,Fantastic Beasts and Where to Find Them,Lazaro Roberts:Kerri Marsh:Rhonda Odonnell,M,Fannie Blankenship,"In 1926, Newt Scamander arrives at the Magical Congress of the United States of America with a magically expanded briefcase, which houses a number of dangerous creatures and their habitats. When the creatures escape from the briefcase, it sends the American wizarding authorities after Newt, and threatens to strain even further the state of magical and non-magical relations.",2016-11-16
54,Spirited Away,Edwin Fitzpatrick:Howard Peck:Corey Kirby,MA15,Darron Ross,A ten year old girl who wanders away from her parents along a path that leads to a world ruled by strange and unusual monster-like animals. Her parents have been changed into pigs along with others inside a bathhouse full of these creatures. Will she ever see the world how it once was?,2001-07-20
55,Wind River,Stanley Duarte:Dina Bennett:Louella Chung,MA15,Greg Garza:Arnold Walters,An FBI agent teams with the town's veteran game tracker to investigate a murder that occurred on a Native American reservation.,2017-08-03
56,Now You See Me 2,Lucius Bernard:Lela Williamson:Jefferson Singleton,MA15,Mia Castillo:Nettie Schmidt,"One year after outwitting the FBI and winning the public‚Äôs adulation with their mind-bending spectacles, the Four Horsemen resurface only to find themselves face to face with a new enemy who enlists them to pull off their most dangerous heist yet.",2016-06-02
57,Life Is Beautiful,Goldie Gaines:Rhonda Odonnell:Odis Rogers,M,Rosario Vega:Fannie Blankenship,A touching story of an Italian book seller of Jewish ancestry who lives in his own little fairy tale. His creative and happy life would come to an abrupt halt when his entire family is deported to a concentration camp during World War II. While locked up he tries to convince his son that the whole thing is just a game.,1997-12-20
58,Transformers: The Last Knight,Stanley Duarte:Rueben Carpenter:Lazaro Roberts,G,Daren George:Lakisha Case:Bennie Floyd,"Autobots and Decepticons are at war, with humans on the sidelines. Optimus Prime is gone. The key to saving our future lies buried in the secrets of the past, in the hidden history of Transformers on Earth.",2017-06-21
59,Before I Fall,Rhett Reese:Edwin Fitzpatrick:Rueben Carpenter,G,Charmaine Wade:Gay Donovan,"Samantha Kingston has everything. Then, everything changes. After one fateful night, she wakes up with no future at all. Trapped into reliving the same day over and over, she begins to question just how perfect her life really was.",2017-03-02
60,Harry Potter and the Philosopher's Stone,Lesley Wong:Rhonda Odonnell:Basil Paul,R18,Reginald Brock:Louie Lamb,"Harry Potter has lived under the stairs at his aunt and uncle's house his whole life. But on his 11th birthday, he learns he's a powerful wizard -- with a place waiting for him at the Hogwarts School of Witchcraft and Wizardry. As he learns to harness his newfound powers with the help of the school's kindly headmaster, Harry uncovers the truth about his parents' deaths -- and about the villain who's to blame.",2001-11-16
61,Girls Trip,Katharine Conner:Stanley Duarte:Carmela Ho,MA15,Reginald Brock:Ruth Sanders,"Four girlfriends take a trip to New Orleans for an annual festival and, along the way, rediscover their wild sides and strengthen the bonds of sisterhood.",2017-07-21
62,2:22,Jefferson Singleton:Tracey Tyler:Clarice Santos,M,Rosendo Blevins:Hyman Mccarty,"A man's life is derailed when an ominous pattern of events repeats itself in exactly the same manner every day, ending at precisely 2:22 p.m.",2017-06-29
63,Avengers: Age of Ultron,Lucius Bernard:Kerri Marsh:Lesley Wong,R18,Fannie Blankenship:Miranda Lin,"When Tony Stark tries to jumpstart a dormant peacekeeping program, things go awry and Earth‚Äôs Mightiest Heroes are put to the ultimate test as the fate of the planet hangs in the balance. As the villainous Ultron emerges, it is up to The Avengers to stop him from enacting his terrible plans, and soon uneasy alliances and unexpected action pave the way for an epic and unique global adventure.",2015-04-22
64,Get Out,Katharine Conner:Lazaro Roberts:Elsie Kramer,R18,Earl Cabrera:Hyman Mccarty,"Chris and his girlfriend Rose go upstate to visit her parents for the weekend. At first, Chris reads the family's overly accommodating behavior as nervous attempts to deal with their daughter's interracial relationship, but as the weekend progresses, a series of increasingly disturbing discoveries lead him to a truth that he never could have imagined.",2017-02-24
65,Psycho,Tracey Tyler:Goldie Gaines:Lela Williamson,R18,Charmaine Wade:Arnold Walters,"When larcenous real estate clerk Marion Crane goes on the lam with a wad of cash and hopes of starting a new life, she ends up at the notorious Bates Motel, where manager Norman Bates cares for his housebound mother. The place seems quirky, but fine‚Ä¶ until Marion decides to take a shower.",1960-06-16
66,Fury,Lesley Wong:Lazaro Roberts:Stanley Duarte,R18,Lori Mcknight:Susan Werner,"Last months of World War II in April 1945. As the Allies make their final push in the European Theater, a battle-hardened U.S. Army sergeant in the 2nd Armored Division named Wardaddy commands a Sherman tank called ""Fury"" and its five-man crew on a deadly mission behind enemy lines. Outnumbered and outgunned, Wardaddy and his men face overwhelming odds in their heroic attempts to strike at the heart of Nazi Germany.",2014-10-15
67,Despicable Me 3,Jefferson Singleton:Edmond Morrison:Randi Guzman,G,Kathie Pugh:Chuck Villanueva,Gru and his wife Lucy must stop former '80s child star Balthazar Bratt from achieving world domination.,2017-06-15
68,The Godfather: Part II,Katharine Conner:Howard Peck:Deshawn Stephenson,M,Rosario Vega:Earl Cabrera,"In the continuing saga of the Corleone crime family, a young Vito Corleone grows up in Sicily and in 1910s New York. In the 1950s, Michael Corleone attempts to expand the family business into Las Vegas, Hollywood and Cuba.",1974-12-20
69,Rogue One: A Star Wars Story,Emile Abbott:Clarice Santos:Deshawn Stephenson,R18,Jude Baird:Cynthia Kidd,A rogue band of resistance fighters unite for a mission to steal the Death Star plans and bring a new hope to the galaxy.,2016-12-14
70,Lucy,Ulysses Werner:Malcolm Marshall:Basil Paul,M,Earl Cabrera:Jarred Michael,"A woman, accidentally caught in a dark deal, turns the tables on her captors and transforms into a merciless warrior evolved beyond human logic.",2014-07-14
71,Life,Lucius Bernard:Lela Williamson:Rueben Carpenter,G,Antoinette Adams:Greg Garza,"The six-member crew of the International Space Station is tasked with studying a sample from Mars that may be the first proof of extra-terrestrial life, which proves more intelligent than ever expected.",2017-03-22
72,Miss Peregrine's Home for Peculiar Children,Kerri Marsh:Ulysses Werner:Rhonda Odonnell,PG,Stacy Vargas:Jude Baird,A teenager finds himself transported to an island where he must help protect a group of orphans with special powers from creatures intent on destroying them.,2016-09-28
73,The Beguiled,Louella Chung:Howard Peck:Goldie Gaines,M,Bennie Floyd:Myra Brooks,"During the Civil War, at a Southern girls‚Äô boarding school, young women take in an injured enemy soldier. As they provide refuge and tend to his wounds, the house is taken over with sexual tension and dangerous rivalries, and taboos are broken in an unexpected turn of events.",2017-06-23
74,Operation Mekong,Lela Williamson:Lesley Wong:Lucius Bernard,M,Carlos Rios:Hyman Mccarty,Chinese narco-cops take their mission to the Golden Triangle following the Mekong River massacre of innocent fishermen by the region's drug lord.,2016-09-30
75,Baywatch,Louella Chung:Basil Paul:Rueben Carpenter,G,Rodolfo Cox:Mia Castillo,"Devoted lifeguard Mitch Buchannon butts heads with a brash new recruit. Together, they uncover a local criminal plot that threatens the future of the Bay.",2017-05-12
76,One Flew Over the Cuckoo's Nest,Rueben Carpenter:Deshawn Stephenson:Edmond Morrison,MA15,Avis Padilla:Sheri Mosley,"While serving time for insanity at a state mental hospital, implacable rabble-rouser, Randle Patrick McMurphy inspires his fellow patients to rebel against the authoritarian rule of head nurse, Mildred Ratched.",1975-11-18
77,Thor: The Dark World,Rhonda Odonnell:Lazaro Roberts:Rhett Reese,M,Lori Mcknight,"Thor fights to restore order across the cosmos‚Ä¶ but an ancient race led by the vengeful Malekith returns to plunge the universe back into darkness. Faced with an enemy that even Odin and Asgard cannot withstand, Thor must embark on his most perilous and personal journey yet, one that will reunite him with Jane Foster and force him to sacrifice everything to save us all.",2013-10-29
78,A Silent Voice,Emile Abbott:Carmela Ho:Edmond Morrison,PG,Jarred Michael,"Shouya Ishida starts bullying the new girl in class, Shouko Nishimiya, because she is deaf. But as the teasing continues, the rest of the class starts to turn on Shouya for his lack of compassion. When they leave elementary school, Shouko and Shouya do not speak to each other again... until an older, wiser Shouya, tormented by his past behaviour, decides he must see Shouko once more. He wants to atone for his sins, but is it already too late...?",2016-09-17
79,Your Name.,Basil Paul:Lesley Wong:Ulysses Werner,MA15,Earl Cabrera,"High schoolers Mitsuha and Taki are complete strangers living separate lives. But one night, they suddenly switch places. Mitsuha wakes up in Taki‚Äôs body, and he in hers. This bizarre occurrence continues to happen randomly, and the two must adjust their lives around each other.",2016-08-26
80,Dilwale Dulhania Le Jayenge,Lucius Bernard:Lazaro Roberts:Jefferson Singleton,M,Lakisha Case,"Raj is a rich, carefree, happy-go-lucky second generation NRI. Simran is the daughter of Chaudhary Baldev Singh, who in spite of being an NRI is very strict about adherence to Indian values. Simran has left for India to be married to her childhood fianc√©. Raj leaves for India with a mission at his hands, to claim his lady love under the noses of her whole family. Thus begins a saga.",1995-10-20
81,Me Before You,Katharine Conner:Stanley Duarte:Rhett Reese,PG,Lori Mcknight,"A small town girl is caught between dead-end jobs. A high-profile, successful man becomes wheelchair bound following an accident. The man decides his life is not worth living until the girl is hired for six months to be his new caretaker. Worlds apart and trapped together by circumstance, the two get off to a rocky start. But the girl becomes determined to prove to the man that life is worth living and as they embark on a series of adventures together, each finds their world changing in ways neither of them could begin to imagine.",2016-06-02
82,The Mother of Tears,Tracey Tyler:Clarice Santos:Stanley Duarte,M,Barrett Macias,"An ancient urn is found in a cemetery outside Rome. Once opened, it triggers a series of violent incidents: robberies, rapes and murders increase dramatically, while several mysterious, evil-looking young women coming from all over the world are gathering in the city. All these events are caused by the return of Mater Lacrimarum, the last of three powerful witches who have been spreading terror and death for centuries. Alone against an army of psychos and demons, Sarah Mandy, an art student who seems to have supernatural abilities of her own, is the only person left to prevent the Mother of Tears from destroying Rome.",2007-09-06
83,The Twilight Saga: Eclipse,Lela Williamson:Rhonda Odonnell:Howard Peck,M,Daren George,"Bella once again finds herself surrounded by danger as Seattle is ravaged by a string of mysterious killings and a malicious vampire continues her quest for revenge. In the midst of it all, she is forced to choose between her love for Edward and her friendship with Jacob, knowing that her decision has the potential to ignite the ageless struggle between vampire and werewolf. With her graduation quickly approaching, Bella is confronted with the most important decision of her life.",2010-06-23
84,Pacific Rim,Howard Peck:Rueben Carpenter:Lucius Bernard,G,Kathie Pugh,"When legions of monstrous creatures, known as Kaiju, started rising from the sea, a war began that would take millions of lives and consume humanity's resources for years on end. To combat the giant Kaiju, a special type of weapon was devised: massive robots, called Jaegers, which are controlled simultaneously by two pilots whose minds are locked in a neural bridge. But even the Jaegers are proving nearly defenseless in the face of the relentless Kaiju. On the verge of defeat, the forces defending mankind have no choice but to turn to two unlikely heroes‚Äîa washed-up former pilot (Charlie Hunnam) and an untested trainee (Rinko Kikuchi)‚Äîwho are teamed to drive a legendary but seemingly obsolete Jaeger from the past. Together, they stand as mankind's last hope against the mounting apocalypse.",2013-07-11
85,The Mummy,Lela Williamson:Deshawn Stephenson:Corey Kirby,M,Kurt Cooper,"Though safely entombed in a crypt deep beneath the unforgiving desert, an ancient queen whose destiny was unjustly taken from her is awakened in our current day, bringing with her malevolence grown over millennia, and terrors that defy human comprehension.",2017-06-06
86,The Emoji Movie,Howard Peck:Deon Potter,M,Charmaine Wade,"Gene, a multi-expressional emoji, sets out on a journey to become a normal emoji.",2017-07-28
87,Rescue Under Fire,Rueben Carpenter:Malcolm Marshall,G,Carlos Rios,"The crew of a medical helicopter suffers an accident when helping a joint force of USA and United Nations troops under Spanish command division in Afghanistan. The Spanish army has only one night to organize the rescue of the crew and injured, but what seems routine turns into hell once they receive the order to rescue the helicopter as well. Things only get worse when during the night a huge a concentration of Talibans begin surround them.",2017-03-10
88,Creed,Lucius Bernard:Odis Rogers,R18,Fannie Blankenship,"The former World Heavyweight Champion Rocky Balboa serves as a trainer and mentor to Adonis Johnson, the son of his late friend and former rival Apollo Creed.",2015-11-25
89,The Matrix,Deshawn Stephenson:Edwin Fitzpatrick,G,Carmen Kent,"Set in the 22nd century, The Matrix tells the story of a computer hacker who joins a group of underground insurgents fighting the vast and powerful computers who now rule the earth.",1999-03-30
90,Fifty Shades of Grey,Kerri Marsh:Emile Abbott,G,Antoinette Adams,"When college senior Anastasia Steele steps in for her sick roommate to interview prominent businessman Christian Grey for their campus paper, little does she realize the path her life will take. Christian, as enigmatic as he is rich and powerful, finds himself strangely drawn to Ana, and she to him. Though sexually inexperienced, Ana plunges headlong into an affair -- and learns that Christian's true sexual proclivities push the boundaries of pain and pleasure.",2015-02-11
91,Jurassic World,Emile Abbott:Goldie Gaines,R18,Lakisha Case,"Twenty-two years after the events of Jurassic Park, Isla Nublar now features a fully functioning dinosaur theme park, Jurassic World, as originally envisioned by John Hammond.",2015-06-09
92,Interstellar,Clarice Santos,M,Lakisha Case,Interstellar chronicles the adventures of a group of explorers who make use of a newly discovered wormhole to surpass the limitations on human space travel and conquer the vast distances involved in an interstellar voyage.,2014-11-05
93,Once Upon a Time in America,Odis Rogers,R18,Sal Douglas,"A former Prohibition-era Jewish gangster returns to the Lower East Side of Manhattan over thirty years later, where he once again must confront the ghosts and regrets of his old life.",1984-02-16
94,The Lord of the Rings: The Fellowship of the Ring,Corey Kirby,MA15,Earl Cabrera,"Young hobbit Frodo Baggins, after inheriting a mysterious ring from his uncle Bilbo, must leave his home in order to keep it from falling into the hands of its evil creator. Along the way, a fellowship is formed to protect the ringbearer and make sure that the ring arrives at its final destination: Mt. Doom, the only place where it can be destroyed.",2001-12-18
95,Edge of Tomorrow,Rhett Reese,M,Judith Schaefer:Roberta Velez,"Major Bill Cage is an officer who has never seen a day of combat when he is unceremoniously demoted and dropped into combat. Cage is killed within minutes, managing to take an alpha alien down with him. He awakens back at the beginning of the same day and is forced to fight and die again... and again - as physical contact with the alien has thrown him into a time loop.",2014-05-27
96,The Autopsy of Jane Doe,Tracey Tyler,M,Reid Daniels:Gay Donovan,"Father and son coroners receive a mysterious unidentified corpse with no apparent cause of death. As they attempt to examine the beautiful young ""Jane Doe,"" they discover increasingly bizarre clues that hold the key to her terrifying secrets.",2016-12-21
97,The Hobbit: The Battle of the Five Armies,Stanley Duarte,MA15,Avis Padilla:Greg Garza,"Immediately after the events of The Desolation of Smaug, Bilbo and the dwarves try to defend Erebor's mountain of treasure from others who claim it: the men of the ruined Laketown and the elves of Mirkwood. Meanwhile an army of Orcs led by Azog the Defiler is marching on Erebor, fueled by the rise of the dark lord Sauron. Dwarves, elves and men must unite, and the hope for Middle-Earth falls into Bilbo's hands.",2014-12-10
98,Star Wars: The Force Awakens,Lesley Wong,R18,Caleb Marks:Leo Montgomery,"Thirty years after defeating the Galactic Empire, Han Solo and his allies face a new threat from the evil Kylo Ren and his army of Stormtroopers.",2015-12-15
99,Peanuts go wild,Michael Mcorm,R,Test Director,Peanuts start dancing,21-03-16
