Reserved,Reserved,Available,Available,Available,Available,Available,Available
Available,Available,Available,Available,Available,Available,Available,Available
Available,Available,Available,Available,Available,Available,Available,Available
Available,Available,Available,Available,Available,Available,Available,Available
Available,Available,Available,Available,Available,Available,Available,Available
Available,Available,Available,Available,Available,Available,Available,Available
Available,Available,Available,Available,Available,Available,Available,Available
Available,Available,Available,Available,Available,Available,Available,Available
Available,Available,Available,Available,Available,Available,Available,Available
Available,Available,Available,Available,Available,Available,Available,Available
