1,bob,bobbie@gmail.com,0412345678,1234,paypal,Asdf1234!!
2,dan,dannie@gmail.com,0412345679,1234,paypal,Asdf1234!*
3,harry,harrypotter@gmail.com,0422345679,1234,paypal,Asdf1235!*
4,harry,harrietpotter@gmail.com,0433345639,1234,paypal,ASdf1235!*
5,lilly,lilyjones@gmail.com,0422345678,1234,paypal,Asdf1244!!
6,lilly,lilyjones23@gmail.com,0421115678,1234,paypal,Abcd1244abcd!
7,lilly,lilyhellenjenkins1@gmail.com,0521115628,1234,paypal,Abcd1244efgh
8,lilly,lilyhellenjenkins12@gmail.com,0521115618,1234,paypal,Abcd1244#1
9,geo,georgieg@gmail.com,0411115118,1234,paypal,App1244x!!
10,geo,georgiegg@gmail.com,0418115118,1234,paypal,App1244xx!!
11,zaya,zendaya@gmail.com,0413379555,1234,mastercard, HappyChappy1234!
12,zaya,zendaya1@gmail.com,0453378551,1234,mastercard, Happychappy1234!
13,zaya,zendaya11@gmail.com,0453278221,1234,mastercard, Happychappy5678!